{"stats":{"minecraft:used":{"minecraft:dirt":1},"minecraft:picked_up":{"minecraft:dirt":1},"minecraft:mined":{"minecraft:grass_block":1},"minecraft:custom":{"minecraft:jump":9,"minecraft:time_since_rest":21114,"enigmaticlegacy:play_time_with_seven_curses":0,"minecraft:sprint_one_cm":1152,"minecraft:play_time":21114,"minecraft:time_since_death":21114,"minecraft:walk_one_cm":7791,"enigmaticlegacy:play_time_without_seven_curses":21114,"minecraft:total_world_time":21114,"minecraft:fall_one_cm":418,"minecraft:fly_one_cm":1358}},"DataVersion":3120}